event_id,event_ts,seller_id,event_type,currency,amount,signed_amount,direction,source_system
20250701-S004-837647,2025-07-01T01:04:00,S004,fee_commission,RUB,106.4,-106.4,out,orders
20250701-S010-657918,2025-07-01T01:38:00,S010,refund,RUB,197.62,-197.62,out,orders
20250701-S004-742140,2025-07-01T03:07:00,S004,fee_commission,RUB,287.83,-287.83,out,fees
20250701-S005-12667,2025-07-01T03:50:00,S005,payout,RUB,263.05,-263.05,out,payments
20250701-S008-692518,2025-07-01T04:39:00,S008,refund,RUB,140.5,-140.5,out,orders
20250701-S010-807790,2025-07-01T05:37:00,S010,fee_commission,RUB,301.75,-301.75,out,payments
20250701-S010-809761,2025-07-01T06:37:00,S010,payout,RUB,55.33,-55.33,out,orders
20250701-S010-660961,2025-07-01T07:32:00,S010,payout_reversed,RUB,397.21,397.21,in,fees
20250701-S003-535823,2025-07-01T07:35:00,S003,payout_reversed,RUB,64.96,64.96,in,payments
20250701-S009-657163,2025-07-01T07:52:00,S009,payout_reversed,RUB,257.69,257.69,in,payments
20250701-S001-486233,2025-07-01T07:54:00,S001,fee_commission,RUB,435.72,-435.72,out,refunds
20250701-S006-110688,2025-07-01T08:04:00,S006,payout,RUB,178.16,-178.16,out,refunds
20250701-S009-984775,2025-07-01T08:08:00,S009,payout,RUB,309.51,-309.51,out,orders
20250701-S010-974340,2025-07-01T09:06:00,S010,fee_commission,RUB,46.43,-46.43,out,fees
20250701-S006-137849,2025-07-01T10:27:00,S006,order_paid,RUB,124.4,124.4,in,orders
20250701-S001-331237,2025-07-01T10:46:00,S001,payout,RUB,185.74,-185.74,out,orders
20250701-S007-914092,2025-07-01T11:03:00,S007,payout,RUB,42.58,-42.58,out,refunds
20250701-S005-489571,2025-07-01T11:23:00,S005,order_paid,RUB,144.76,144.76,in,fees
20250701-S003-271837,2025-07-01T11:42:00,S003,payout_reversed,RUB,220.01,220.01,in,payments
20250701-S002-205042,2025-07-01T12:56:00,S002,order_paid,RUB,162.23,162.23,in,payments
20250701-S005-794825,2025-07-01T12:59:00,S005,order_paid,RUB,74.88,74.88,in,payments
20250701-S009-107513,2025-07-01T14:40:00,S009,payout_reversed,RUB,295.3,295.3,in,payments
20250701-S006-218127,2025-07-01T14:51:00,S006,payout,RUB,119.1,-119.1,out,orders
20250701-S009-133884,2025-07-01T15:54:00,S009,fee_commission,RUB,92.59,-92.59,out,fees
20250701-S001-527036,2025-07-01T16:15:00,S001,payout_reversed,RUB,454.69,454.69,in,refunds
20250701-S006-960062,2025-07-01T16:52:00,S006,payout,RUB,275.25,-275.25,out,payments
20250701-S006-774685,2025-07-01T17:39:00,S006,fee_commission,RUB,130.97,-130.97,out,orders
20250701-S009-807365,2025-07-01T17:40:00,S009,order_paid,RUB,52.91,52.91,in,fees
20250701-S010-128392,2025-07-01T19:18:00,S010,refund,RUB,266.61,-266.61,out,refunds
20250701-S001-199042,2025-07-01T20:15:00,S001,refund,RUB,110.8,-110.8,out,fees
20250701-S006-387262,2025-07-01T20:48:00,S006,payout,RUB,85.38,-85.38,out,orders
20250701-S010-399112,2025-07-01T21:46:00,S010,fee_commission,RUB,22.49,-22.49,out,refunds
20250701-S001-41091,2025-07-01T22:12:00,S001,payout,RUB,18.52,-18.52,out,payments
20250701-S006-200236,2025-07-01T22:43:00,S006,refund,RUB,217.74,-217.74,out,payments
20250701-S010-438742,2025-07-01T23:18:00,S010,order_paid,RUB,226.68,226.68,in,payments
20250701-S008-314878,2025-07-01T23:29:00,S008,payout_reversed,RUB,118.05,118.05,in,refunds
20250701-S003-460338,2025-07-01T23:31:00,S003,fee_commission,RUB,123.51,-123.51,out,payments
20250701-S008-317825,2025-07-01T23:46:00,S008,order_paid,RUB,115.89,115.89,in,payments
20250701-S008-125658,2025-07-01T23:59:00,S008,payout_reversed,RUB,156.04,156.04,in,refunds
20250702-S002-704108,2025-07-02T00:04:00,S002,refund,RUB,325.15,-325.15,out,refunds
20250702-S009-954946,2025-07-02T01:14:00,S009,fee_commission,RUB,130.44,-130.44,out,refunds
20250702-S004-466153,2025-07-02T01:15:00,S004,refund,RUB,169.39,-169.39,out,orders
20250702-S007-514724,2025-07-02T01:29:00,S007,refund,RUB,129.96,-129.96,out,fees
20250702-S004-196583,2025-07-02T01:35:00,S004,payout,RUB,163.98,-163.98,out,fees
20250702-S009-258091,2025-07-02T01:50:00,S009,payout_reversed,RUB,37.22,37.22,in,orders
20250702-S004-65954,2025-07-02T01:54:00,S004,payout_reversed,RUB,98.51,98.51,in,orders
20250702-S005-234678,2025-07-02T02:46:00,S005,refund,RUB,90.06,-90.06,out,refunds
20250702-S001-630153,2025-07-02T04:05:00,S001,payout,RUB,66.24,-66.24,out,fees
20250702-S010-23322,2025-07-02T04:08:00,S010,fee_commission,RUB,65.56,-65.56,out,refunds
20250702-S004-675511,2025-07-02T04:38:00,S004,fee_commission,RUB,182.28,-182.28,out,orders
20250702-S010-380976,2025-07-02T05:36:00,S010,order_paid,RUB,182.99,182.99,in,payments
20250702-S003-318718,2025-07-02T05:56:00,S003,payout_reversed,RUB,274.19,274.19,in,refunds
20250702-S008-917889,2025-07-02T06:44:00,S008,order_paid,RUB,152.31,152.31,in,fees
20250702-S008-189090,2025-07-02T07:17:00,S008,payout_reversed,RUB,81.01,81.01,in,payments
20250702-S008-934605,2025-07-02T07:28:00,S008,order_paid,RUB,295.17,295.17,in,orders
20250702-S004-830858,2025-07-02T07:36:00,S004,fee_commission,RUB,403.26,-403.26,out,fees
20250702-S010-367258,2025-07-02T08:45:00,S010,payout_reversed,RUB,192.72,192.72,in,refunds
20250702-S002-529526,2025-07-02T09:19:00,S002,payout_reversed,RUB,305.28,305.28,in,orders
20250702-S002-55610,2025-07-02T09:29:00,S002,payout,RUB,679.65,-679.65,out,payments
20250702-S004-549640,2025-07-02T10:04:00,S004,payout,RUB,205.64,-205.64,out,payments
20250702-S002-853050,2025-07-02T10:33:00,S002,payout_reversed,RUB,240.73,240.73,in,orders
20250702-S005-219931,2025-07-02T10:33:00,S005,payout_reversed,RUB,410.61,410.61,in,payments
20250702-S010-665628,2025-07-02T11:53:00,S010,order_paid,RUB,177.14,177.14,in,refunds
20250702-S004-531832,2025-07-02T12:08:00,S004,refund,RUB,65.03,-65.03,out,orders
20250702-S007-295452,2025-07-02T12:11:00,S007,payout_reversed,RUB,88.44,88.44,in,orders
20250702-S005-38103,2025-07-02T12:12:00,S005,payout_reversed,RUB,345.48,345.48,in,refunds
20250702-S008-884575,2025-07-02T12:50:00,S008,refund,RUB,382.98,-382.98,out,orders
20250702-S007-478008,2025-07-02T13:17:00,S007,payout,RUB,281.98,-281.98,out,payments
20250702-S008-806742,2025-07-02T13:46:00,S008,payout_reversed,RUB,439.22,439.22,in,refunds
20250702-S006-451016,2025-07-02T13:48:00,S006,payout_reversed,RUB,140.6,140.6,in,refunds
20250702-S009-550223,2025-07-02T14:18:00,S009,refund,RUB,173.75,-173.75,out,refunds
20250702-S002-189408,2025-07-02T14:43:00,S002,refund,RUB,109.02,-109.02,out,payments
20250702-S009-365341,2025-07-02T14:59:00,S009,refund,RUB,196.72,-196.72,out,payments
20250702-S009-24072,2025-07-02T14:59:00,S009,payout,RUB,375.86,-375.86,out,fees
20250702-S010-804463,2025-07-02T15:18:00,S010,payout,RUB,469.57,-469.57,out,payments
20250702-S001-442906,2025-07-02T15:20:00,S001,fee_commission,RUB,55.84,-55.84,out,fees
20250702-S007-883440,2025-07-02T15:24:00,S007,refund,RUB,31.09,-31.09,out,orders
20250702-S007-955593,2025-07-02T15:28:00,S007,order_paid,RUB,128.31,128.31,in,orders
20250702-S006-213921,2025-07-02T15:33:00,S006,order_paid,RUB,359.97,359.97,in,orders
20250702-S001-273238,2025-07-02T16:01:00,S001,payout_reversed,RUB,52.03,52.03,in,refunds
20250702-S007-11024,2025-07-02T16:07:00,S007,refund,RUB,168.3,-168.3,out,payments
20250702-S009-806396,2025-07-02T16:23:00,S009,order_paid,RUB,22.58,22.58,in,orders
20250702-S009-315558,2025-07-02T16:23:00,S009,payout_reversed,RUB,199.66,199.66,in,refunds
20250702-S003-191233,2025-07-02T16:55:00,S003,refund,RUB,430.57,-430.57,out,orders
20250702-S010-629475,2025-07-02T17:18:00,S010,payout,RUB,70.02,-70.02,out,fees
20250702-S004-66235,2025-07-02T17:22:00,S004,payout,RUB,398.4,-398.4,out,orders
20250702-S004-627084,2025-07-02T17:28:00,S004,refund,RUB,555.51,-555.51,out,fees
20250702-S002-389958,2025-07-02T17:57:00,S002,order_paid,RUB,23.15,23.15,in,refunds
20250702-S002-344895,2025-07-02T18:01:00,S002,payout,RUB,298.19,-298.19,out,refunds
20250702-S002-714999,2025-07-02T18:19:00,S002,fee_commission,RUB,220.27,-220.27,out,payments
20250702-S008-506965,2025-07-02T18:21:00,S008,fee_commission,RUB,316.71,-316.71,out,orders
20250702-S010-51746,2025-07-02T18:21:00,S010,payout_reversed,RUB,153.23,153.23,in,payments
20250702-S003-360261,2025-07-02T18:43:00,S003,payout_reversed,RUB,256.73,256.73,in,payments
20250702-S002-803452,2025-07-02T18:49:00,S002,payout,RUB,411.92,-411.92,out,payments
20250702-S001-971745,2025-07-02T18:59:00,S001,fee_commission,RUB,235.53,-235.53,out,refunds
20250702-S001-268247,2025-07-02T19:44:00,S001,fee_commission,RUB,157.44,-157.44,out,fees
20250702-S004-499523,2025-07-02T19:51:00,S004,payout,RUB,41.53,-41.53,out,payments
20250702-S005-525831,2025-07-02T19:57:00,S005,payout,RUB,259.14,-259.14,out,orders
20250702-S006-328185,2025-07-02T20:14:00,S006,order_paid,RUB,300.36,300.36,in,fees
20250702-S002-355613,2025-07-02T20:43:00,S002,payout,RUB,483.67,-483.67,out,orders
20250702-S010-914033,2025-07-02T21:16:00,S010,refund,RUB,573.31,-573.31,out,fees
20250702-S005-692441,2025-07-02T22:04:00,S005,order_paid,RUB,177.08,177.08,in,fees
20250702-S001-983610,2025-07-02T22:26:00,S001,payout,RUB,195.86,-195.86,out,fees
20250702-S005-435565,2025-07-02T22:45:00,S005,fee_commission,RUB,34.51,-34.51,out,fees
20250702-S006-615651,2025-07-02T23:45:00,S006,payout_reversed,RUB,197.3,197.3,in,refunds
20250703-S010-47058,2025-07-03T00:06:00,S010,fee_commission,RUB,133.54,-133.54,out,payments
20250703-S003-714744,2025-07-03T00:09:00,S003,refund,RUB,308.42,-308.42,out,orders
20250703-S005-126109,2025-07-03T00:46:00,S005,fee_commission,RUB,221.92,-221.92,out,fees
20250703-S005-654619,2025-07-03T01:08:00,S005,refund,RUB,404.18,-404.18,out,fees
20250703-S004-679291,2025-07-03T01:17:00,S004,fee_commission,RUB,118.95,-118.95,out,payments
20250703-S001-606441,2025-07-03T01:48:00,S001,order_paid,RUB,125.47,125.47,in,payments
20250703-S006-825657,2025-07-03T01:56:00,S006,order_paid,RUB,351.59,351.59,in,payments
20250703-S003-566822,2025-07-03T02:18:00,S003,payout_reversed,RUB,475.38,475.38,in,refunds
20250703-S006-967345,2025-07-03T02:27:00,S006,payout,RUB,66.82,-66.82,out,payments
20250703-S008-917459,2025-07-03T02:41:00,S008,payout,RUB,351.02,-351.02,out,fees
20250703-S006-383153,2025-07-03T04:44:00,S006,fee_commission,RUB,148.16,-148.16,out,refunds
20250703-S007-173533,2025-07-03T04:45:00,S007,payout,RUB,115.26,-115.26,out,fees
20250703-S005-377178,2025-07-03T05:01:00,S005,payout,RUB,56.17,-56.17,out,refunds
20250703-S002-884012,2025-07-03T05:25:00,S002,payout_reversed,RUB,594.11,594.11,in,payments
20250703-S003-456293,2025-07-03T05:28:00,S003,payout_reversed,RUB,333.26,333.26,in,orders
20250703-S005-695276,2025-07-03T05:55:00,S005,order_paid,RUB,305.69,305.69,in,fees
20250703-S006-466726,2025-07-03T06:25:00,S006,order_paid,RUB,141.0,141.0,in,refunds
20250703-S010-207991,2025-07-03T06:35:00,S010,payout_reversed,RUB,323.51,323.51,in,fees
20250703-S008-207607,2025-07-03T07:22:00,S008,order_paid,RUB,319.0,319.0,in,refunds
20250703-S004-845634,2025-07-03T08:36:00,S004,fee_commission,RUB,110.4,-110.4,out,refunds
20250703-S006-587112,2025-07-03T09:20:00,S006,refund,RUB,242.66,-242.66,out,refunds
20250703-S002-799667,2025-07-03T09:33:00,S002,order_paid,RUB,313.49,313.49,in,orders
20250703-S004-565446,2025-07-03T09:38:00,S004,payout,RUB,139.95,-139.95,out,refunds
20250703-S001-735266,2025-07-03T10:22:00,S001,refund,RUB,15.7,-15.7,out,fees
20250703-S002-464375,2025-07-03T10:23:00,S002,fee_commission,RUB,345.95,-345.95,out,fees
20250703-S006-298513,2025-07-03T10:39:00,S006,payout_reversed,RUB,71.83,71.83,in,refunds
20250703-S002-743247,2025-07-03T10:45:00,S002,payout,RUB,190.15,-190.15,out,payments
20250703-S010-23237,2025-07-03T12:25:00,S010,refund,RUB,412.85,-412.85,out,refunds
20250703-S004-411598,2025-07-03T13:40:00,S004,order_paid,RUB,212.54,212.54,in,fees
20250703-S010-980021,2025-07-03T15:39:00,S010,fee_commission,RUB,371.28,-371.28,out,refunds
20250703-S007-300710,2025-07-03T15:46:00,S007,payout_reversed,RUB,5.24,5.24,in,refunds
20250703-S005-859752,2025-07-03T15:57:00,S005,refund,RUB,93.37,-93.37,out,payments
20250703-S006-330389,2025-07-03T16:08:00,S006,refund,RUB,173.96,-173.96,out,orders
20250703-S009-679521,2025-07-03T16:46:00,S009,fee_commission,RUB,390.62,-390.62,out,fees
20250703-S004-989025,2025-07-03T17:26:00,S004,payout,RUB,29.14,-29.14,out,refunds
20250703-S003-604056,2025-07-03T18:38:00,S003,order_paid,RUB,102.73,102.73,in,orders
20250703-S004-272934,2025-07-03T18:40:00,S004,payout,RUB,120.14,-120.14,out,orders
20250703-S006-329671,2025-07-03T20:03:00,S006,payout,RUB,59.51,-59.51,out,payments
20250703-S004-857757,2025-07-03T21:52:00,S004,payout,RUB,77.32,-77.32,out,fees
20250703-S004-351006,2025-07-03T21:54:00,S004,fee_commission,RUB,214.16,-214.16,out,orders
20250703-S004-190280,2025-07-03T21:58:00,S004,refund,RUB,296.57,-296.57,out,fees
20250703-S001-709914,2025-07-03T22:23:00,S001,order_paid,RUB,18.62,18.62,in,payments
20250703-S006-953749,2025-07-03T22:49:00,S006,order_paid,RUB,72.64,72.64,in,payments
20250703-S007-588366,2025-07-03T23:14:00,S007,payout,RUB,15.35,-15.35,out,refunds
20250703-S010-708755,2025-07-03T23:24:00,S010,order_paid,RUB,64.03,64.03,in,refunds
20250704-S010-194556,2025-07-04T00:01:00,S010,refund,RUB,244.03,-244.03,out,orders
20250704-S002-259569,2025-07-04T00:11:00,S002,payout_reversed,RUB,95.25,95.25,in,payments
20250704-S001-238010,2025-07-04T00:28:00,S001,order_paid,RUB,189.71,189.71,in,orders
20250704-S008-31599,2025-07-04T01:18:00,S008,payout,RUB,88.23,-88.23,out,fees
20250704-S006-526685,2025-07-04T01:54:00,S006,fee_commission,RUB,78.99,-78.99,out,payments
20250704-S006-677895,2025-07-04T02:12:00,S006,payout,RUB,71.62,-71.62,out,refunds
20250704-S003-664181,2025-07-04T02:16:00,S003,payout_reversed,RUB,296.24,296.24,in,refunds
20250704-S002-610412,2025-07-04T02:51:00,S002,payout,RUB,91.28,-91.28,out,refunds
20250704-S008-514258,2025-07-04T05:05:00,S008,payout_reversed,RUB,66.17,66.17,in,payments
20250704-S001-573045,2025-07-04T05:41:00,S001,payout_reversed,RUB,410.91,410.91,in,orders
20250704-S006-723036,2025-07-04T05:52:00,S006,payout,RUB,59.09,-59.09,out,refunds
20250704-S009-238261,2025-07-04T06:17:00,S009,payout_reversed,RUB,264.17,264.17,in,refunds
20250704-S008-613475,2025-07-04T06:36:00,S008,payout,RUB,152.5,-152.5,out,orders
20250704-S005-554737,2025-07-04T06:58:00,S005,payout,RUB,241.26,-241.26,out,payments
20250704-S002-700781,2025-07-04T08:01:00,S002,payout,RUB,102.85,-102.85,out,orders
20250704-S008-727956,2025-07-04T08:03:00,S008,fee_commission,RUB,187.41,-187.41,out,payments
20250704-S003-696359,2025-07-04T08:16:00,S003,fee_commission,RUB,6.96,-6.96,out,fees
20250704-S003-969898,2025-07-04T09:05:00,S003,fee_commission,RUB,46.1,-46.1,out,payments
20250704-S005-715081,2025-07-04T09:39:00,S005,fee_commission,RUB,235.23,-235.23,out,payments
20250704-S004-785333,2025-07-04T09:44:00,S004,refund,RUB,268.49,-268.49,out,refunds
20250704-S010-436625,2025-07-04T09:47:00,S010,payout,RUB,227.85,-227.85,out,orders
20250704-S007-126210,2025-07-04T09:48:00,S007,payout,RUB,198.1,-198.1,out,orders
20250704-S003-755165,2025-07-04T09:53:00,S003,payout_reversed,RUB,184.55,184.55,in,refunds
20250704-S005-66263,2025-07-04T11:28:00,S005,payout_reversed,RUB,234.77,234.77,in,orders
20250704-S001-351708,2025-07-04T11:41:00,S001,order_paid,RUB,462.74,462.74,in,payments
20250704-S002-624713,2025-07-04T11:52:00,S002,payout_reversed,RUB,182.92,182.92,in,fees
20250704-S003-269709,2025-07-04T12:01:00,S003,fee_commission,RUB,396.71,-396.71,out,orders
20250704-S009-330905,2025-07-04T12:13:00,S009,refund,RUB,403.88,-403.88,out,payments
20250704-S005-365465,2025-07-04T12:17:00,S005,fee_commission,RUB,99.41,-99.41,out,fees
20250704-S002-583418,2025-07-04T12:30:00,S002,fee_commission,RUB,89.43,-89.43,out,fees
20250704-S010-292232,2025-07-04T12:58:00,S010,payout,RUB,290.09,-290.09,out,payments
20250704-S005-323558,2025-07-04T13:00:00,S005,payout_reversed,RUB,80.65,80.65,in,fees
20250704-S009-238361,2025-07-04T13:11:00,S009,payout,RUB,103.69,-103.69,out,fees
20250704-S001-344139,2025-07-04T13:57:00,S001,payout_reversed,RUB,144.02,144.02,in,payments
20250704-S007-168384,2025-07-04T14:15:00,S007,order_paid,RUB,68.66,68.66,in,orders
20250704-S008-597898,2025-07-04T14:45:00,S008,refund,RUB,347.25,-347.25,out,orders
20250704-S001-336327,2025-07-04T15:05:00,S001,payout,RUB,475.62,-475.62,out,orders
20250704-S002-793393,2025-07-04T15:56:00,S002,payout_reversed,RUB,130.01,130.01,in,orders
20250704-S009-956846,2025-07-04T16:24:00,S009,payout_reversed,RUB,156.28,156.28,in,orders
20250704-S009-851888,2025-07-04T16:56:00,S009,order_paid,RUB,42.03,42.03,in,fees
20250704-S008-289228,2025-07-04T17:10:00,S008,fee_commission,RUB,587.23,-587.23,out,orders
20250704-S009-729679,2025-07-04T17:30:00,S009,fee_commission,RUB,356.52,-356.52,out,payments
20250704-S002-897049,2025-07-04T17:42:00,S002,order_paid,RUB,484.63,484.63,in,refunds
20250704-S007-742624,2025-07-04T17:49:00,S007,refund,RUB,147.75,-147.75,out,refunds
20250704-S003-450349,2025-07-04T18:41:00,S003,payout,RUB,309.31,-309.31,out,refunds
20250704-S008-285556,2025-07-04T19:13:00,S008,fee_commission,RUB,53.27,-53.27,out,refunds
20250704-S004-730052,2025-07-04T19:23:00,S004,order_paid,RUB,473.92,473.92,in,refunds
20250704-S004-735458,2025-07-04T19:36:00,S004,payout,RUB,293.1,-293.1,out,refunds
20250704-S001-939685,2025-07-04T19:36:00,S001,fee_commission,RUB,165.61,-165.61,out,payments
20250704-S003-611601,2025-07-04T19:42:00,S003,refund,RUB,113.51,-113.51,out,fees
20250704-S009-246694,2025-07-04T19:45:00,S009,payout,RUB,23.87,-23.87,out,orders
20250704-S006-681653,2025-07-04T19:53:00,S006,payout,RUB,113.6,-113.6,out,fees
20250704-S005-677115,2025-07-04T19:59:00,S005,payout,RUB,70.5,-70.5,out,payments
20250704-S003-870124,2025-07-04T21:02:00,S003,payout,RUB,163.55,-163.55,out,orders
20250704-S005-913448,2025-07-04T21:24:00,S005,payout_reversed,RUB,121.46,121.46,in,refunds
20250704-S003-552077,2025-07-04T21:37:00,S003,payout,RUB,254.26,-254.26,out,fees
20250704-S001-762093,2025-07-04T21:44:00,S001,order_paid,RUB,94.27,94.27,in,refunds
20250704-S006-784109,2025-07-04T21:52:00,S006,payout,RUB,402.66,-402.66,out,payments
20250704-S004-656167,2025-07-04T22:22:00,S004,payout_reversed,RUB,96.18,96.18,in,payments
20250704-S010-778514,2025-07-04T22:23:00,S010,fee_commission,RUB,257.81,-257.81,out,payments
20250704-S003-811007,2025-07-04T23:02:00,S003,payout_reversed,RUB,104.77,104.77,in,fees
20250704-S001-535844,2025-07-04T23:14:00,S001,payout_reversed,RUB,242.83,242.83,in,payments
20250705-S007-370322,2025-07-05T00:01:00,S007,payout_reversed,RUB,69.16,69.16,in,orders
20250705-S008-561673,2025-07-05T00:09:00,S008,refund,RUB,185.29,-185.29,out,fees
20250705-S009-316398,2025-07-05T00:35:00,S009,order_paid,RUB,251.44,251.44,in,fees
20250705-S006-631811,2025-07-05T01:24:00,S006,payout_reversed,RUB,162.23,162.23,in,payments
20250705-S004-19976,2025-07-05T01:39:00,S004,order_paid,RUB,581.67,581.67,in,fees
20250705-S001-314471,2025-07-05T03:13:00,S001,refund,RUB,518.7,-518.7,out,payments
20250705-S008-501175,2025-07-05T04:01:00,S008,payout_reversed,RUB,254.46,254.46,in,orders
20250705-S005-286234,2025-07-05T05:02:00,S005,payout_reversed,RUB,153.74,153.74,in,fees
20250705-S006-214433,2025-07-05T05:04:00,S006,refund,RUB,40.2,-40.2,out,fees
20250705-S010-25593,2025-07-05T05:10:00,S010,fee_commission,RUB,97.94,-97.94,out,fees
20250705-S007-896783,2025-07-05T05:23:00,S007,fee_commission,RUB,136.13,-136.13,out,orders
20250705-S005-937842,2025-07-05T05:33:00,S005,payout,RUB,43.81,-43.81,out,payments
20250705-S010-499500,2025-07-05T06:20:00,S010,fee_commission,RUB,262.17,-262.17,out,payments
20250705-S004-690494,2025-07-05T06:20:00,S004,payout_reversed,RUB,212.06,212.06,in,refunds
20250705-S007-548885,2025-07-05T06:46:00,S007,payout,RUB,106.88,-106.88,out,refunds
20250705-S010-272901,2025-07-05T07:07:00,S010,refund,RUB,477.67,-477.67,out,refunds
20250705-S001-9079,2025-07-05T07:07:00,S001,payout_reversed,RUB,329.7,329.7,in,orders
20250705-S010-619962,2025-07-05T07:32:00,S010,payout_reversed,RUB,20.36,20.36,in,orders
20250705-S004-144833,2025-07-05T07:39:00,S004,payout,RUB,77.38,-77.38,out,fees
20250705-S007-212782,2025-07-05T08:17:00,S007,refund,RUB,8.86,-8.86,out,fees
20250705-S006-499654,2025-07-05T09:34:00,S006,payout_reversed,RUB,163.23,163.23,in,orders
20250705-S003-415232,2025-07-05T09:37:00,S003,refund,RUB,35.42,-35.42,out,refunds
20250705-S004-344334,2025-07-05T09:51:00,S004,refund,RUB,35.69,-35.69,out,payments
20250705-S005-500727,2025-07-05T11:08:00,S005,fee_commission,RUB,88.84,-88.84,out,fees
20250705-S010-398466,2025-07-05T12:06:00,S010,payout,RUB,35.66,-35.66,out,fees
20250705-S002-687251,2025-07-05T12:29:00,S002,fee_commission,RUB,114.03,-114.03,out,fees
20250705-S009-742297,2025-07-05T12:49:00,S009,payout_reversed,RUB,280.56,280.56,in,fees
20250705-S002-973951,2025-07-05T13:28:00,S002,payout_reversed,RUB,141.55,141.55,in,fees
20250705-S006-394584,2025-07-05T13:41:00,S006,fee_commission,RUB,251.61,-251.61,out,refunds
20250705-S004-200423,2025-07-05T13:57:00,S004,order_paid,RUB,131.8,131.8,in,orders
20250705-S008-232602,2025-07-05T14:18:00,S008,payout_reversed,RUB,281.57,281.57,in,orders
20250705-S004-213568,2025-07-05T14:45:00,S004,fee_commission,RUB,265.26,-265.26,out,fees
20250705-S002-634380,2025-07-05T15:08:00,S002,payout_reversed,RUB,492.74,492.74,in,orders
20250705-S002-639283,2025-07-05T15:13:00,S002,fee_commission,RUB,243.69,-243.69,out,refunds
20250705-S006-886927,2025-07-05T15:16:00,S006,order_paid,RUB,354.8,354.8,in,refunds
20250705-S003-583610,2025-07-05T15:56:00,S003,order_paid,RUB,126.88,126.88,in,fees
20250705-S006-994248,2025-07-05T16:13:00,S006,order_paid,RUB,130.53,130.53,in,payments
20250705-S005-160929,2025-07-05T16:48:00,S005,fee_commission,RUB,173.46,-173.46,out,refunds
20250705-S005-170103,2025-07-05T17:38:00,S005,order_paid,RUB,279.36,279.36,in,payments
20250705-S002-789353,2025-07-05T18:02:00,S002,fee_commission,RUB,103.03,-103.03,out,refunds
20250705-S008-449043,2025-07-05T18:03:00,S008,refund,RUB,136.01,-136.01,out,refunds
20250705-S006-376189,2025-07-05T18:45:00,S006,payout,RUB,136.16,-136.16,out,payments
20250705-S007-203503,2025-07-05T19:39:00,S007,refund,RUB,77.65,-77.65,out,refunds
20250705-S006-522829,2025-07-05T19:42:00,S006,order_paid,RUB,333.02,333.02,in,orders
20250705-S009-689116,2025-07-05T19:43:00,S009,fee_commission,RUB,270.95,-270.95,out,refunds
20250705-S005-644319,2025-07-05T20:07:00,S005,refund,RUB,185.31,-185.31,out,refunds
20250705-S005-771247,2025-07-05T20:16:00,S005,fee_commission,RUB,240.8,-240.8,out,refunds
20250705-S008-416886,2025-07-05T21:40:00,S008,fee_commission,RUB,235.32,-235.32,out,payments
20250705-S006-885737,2025-07-05T21:42:00,S006,refund,RUB,341.65,-341.65,out,refunds
20250705-S005-499116,2025-07-05T21:57:00,S005,payout,RUB,232.18,-232.18,out,fees
20250705-S002-273798,2025-07-05T22:17:00,S002,payout,RUB,616.19,-616.19,out,payments
20250705-S002-943188,2025-07-05T22:21:00,S002,payout_reversed,RUB,260.78,260.78,in,refunds
20250705-S007-440098,2025-07-05T22:37:00,S007,fee_commission,RUB,222.58,-222.58,out,orders
20250705-S004-111454,2025-07-05T23:04:00,S004,fee_commission,RUB,133.92,-133.92,out,orders
20250705-S009-257682,2025-07-05T23:17:00,S009,payout,RUB,45.96,-45.96,out,orders
20250705-S003-812396,2025-07-05T23:25:00,S003,refund,RUB,216.33,-216.33,out,fees
20250705-S008-362247,2025-07-05T23:28:00,S008,order_paid,RUB,230.24,230.24,in,fees
20250705-S010-684689,2025-07-05T23:43:00,S010,payout_reversed,RUB,152.72,152.72,in,fees
20250706-S010-687017,2025-07-06T01:51:00,S010,payout,RUB,117.82,-117.82,out,orders
20250706-S009-252792,2025-07-06T02:01:00,S009,payout,RUB,123.43,-123.43,out,fees
20250706-S002-482316,2025-07-06T02:07:00,S002,payout_reversed,RUB,34.53,34.53,in,fees
20250706-S002-990670,2025-07-06T02:13:00,S002,payout_reversed,RUB,439.1,439.1,in,refunds
20250706-S006-614642,2025-07-06T03:51:00,S006,fee_commission,RUB,78.24,-78.24,out,orders
20250706-S005-530837,2025-07-06T04:05:00,S005,payout_reversed,RUB,129.04,129.04,in,payments
20250706-S002-186322,2025-07-06T04:25:00,S002,payout_reversed,RUB,116.67,116.67,in,orders
20250706-S010-582093,2025-07-06T04:37:00,S010,payout_reversed,RUB,170.63,170.63,in,refunds
20250706-S001-696684,2025-07-06T05:20:00,S001,refund,RUB,75.09,-75.09,out,orders
20250706-S005-187605,2025-07-06T05:37:00,S005,payout_reversed,RUB,222.54,222.54,in,orders
20250706-S010-874632,2025-07-06T06:01:00,S010,payout,RUB,332.37,-332.37,out,payments
20250706-S006-552371,2025-07-06T06:47:00,S006,payout,RUB,502.5,-502.5,out,refunds
20250706-S010-643535,2025-07-06T07:15:00,S010,payout_reversed,RUB,31.12,31.12,in,refunds
20250706-S010-442883,2025-07-06T07:28:00,S010,order_paid,RUB,194.56,194.56,in,fees
20250706-S005-99072,2025-07-06T08:02:00,S005,refund,RUB,303.1,-303.1,out,refunds
20250706-S002-535427,2025-07-06T08:02:00,S002,order_paid,RUB,418.27,418.27,in,orders
20250706-S009-26807,2025-07-06T08:07:00,S009,order_paid,RUB,317.44,317.44,in,refunds
20250706-S001-19170,2025-07-06T08:28:00,S001,refund,RUB,120.55,-120.55,out,payments
20250706-S005-76374,2025-07-06T08:29:00,S005,payout,RUB,376.28,-376.28,out,refunds
20250706-S005-291445,2025-07-06T08:29:00,S005,refund,RUB,116.56,-116.56,out,fees
20250706-S010-256696,2025-07-06T08:34:00,S010,fee_commission,RUB,38.73,-38.73,out,refunds
20250706-S005-669417,2025-07-06T09:13:00,S005,payout_reversed,RUB,367.55,367.55,in,orders
20250706-S007-588316,2025-07-06T09:22:00,S007,refund,RUB,374.64,-374.64,out,refunds
20250706-S009-498686,2025-07-06T11:00:00,S009,order_paid,RUB,208.82,208.82,in,payments
20250706-S005-403851,2025-07-06T11:42:00,S005,fee_commission,RUB,151.37,-151.37,out,orders
20250706-S001-559874,2025-07-06T12:40:00,S001,refund,RUB,63.14,-63.14,out,orders
20250706-S004-909712,2025-07-06T12:43:00,S004,order_paid,RUB,90.86,90.86,in,orders
20250706-S008-872638,2025-07-06T12:46:00,S008,order_paid,RUB,399.71,399.71,in,payments
20250706-S003-302067,2025-07-06T12:57:00,S003,payout,RUB,452.68,-452.68,out,orders
20250706-S008-321910,2025-07-06T13:00:00,S008,payout_reversed,RUB,96.63,96.63,in,orders
20250706-S006-837832,2025-07-06T15:44:00,S006,refund,RUB,423.15,-423.15,out,refunds
20250706-S007-519090,2025-07-06T16:02:00,S007,payout_reversed,RUB,257.98,257.98,in,orders
20250706-S002-164686,2025-07-06T16:28:00,S002,refund,RUB,171.37,-171.37,out,fees
20250706-S010-666166,2025-07-06T17:15:00,S010,order_paid,RUB,149.96,149.96,in,orders
20250706-S005-489537,2025-07-06T17:16:00,S005,fee_commission,RUB,105.63,-105.63,out,orders
20250706-S004-44937,2025-07-06T18:42:00,S004,order_paid,RUB,378.71,378.71,in,orders
20250706-S001-791328,2025-07-06T19:44:00,S001,fee_commission,RUB,137.95,-137.95,out,orders
20250706-S009-407508,2025-07-06T19:55:00,S009,refund,RUB,60.22,-60.22,out,fees
20250706-S006-418648,2025-07-06T19:56:00,S006,order_paid,RUB,377.76,377.76,in,refunds
20250706-S006-725837,2025-07-06T20:23:00,S006,fee_commission,RUB,178.37,-178.37,out,orders
20250706-S002-850742,2025-07-06T21:52:00,S002,payout_reversed,RUB,105.86,105.86,in,fees
20250706-S007-629086,2025-07-06T22:55:00,S007,payout_reversed,RUB,95.43,95.43,in,fees
20250706-S002-772578,2025-07-06T23:35:00,S002,order_paid,RUB,249.55,249.55,in,orders
20250706-S002-78223,2025-07-06T23:48:00,S002,refund,RUB,349.35,-349.35,out,refunds
20250706-S010-658442,2025-07-06T23:48:00,S010,payout,RUB,394.37,-394.37,out,fees
20250706-S001-38068,2025-07-06T23:50:00,S001,order_paid,RUB,76.17,76.17,in,payments
20250707-S004-587101,2025-07-07T00:48:00,S004,payout,RUB,113.45,-113.45,out,orders
20250707-S002-588718,2025-07-07T03:07:00,S002,fee_commission,RUB,120.21,-120.21,out,orders
20250707-S010-627221,2025-07-07T03:46:00,S010,payout,RUB,183.52,-183.52,out,orders
20250707-S006-148067,2025-07-07T04:02:00,S006,refund,RUB,67.34,-67.34,out,refunds
20250707-S008-550459,2025-07-07T04:06:00,S008,fee_commission,RUB,63.69,-63.69,out,fees
20250707-S004-316365,2025-07-07T04:13:00,S004,fee_commission,RUB,111.19,-111.19,out,payments
20250707-S009-467875,2025-07-07T04:48:00,S009,order_paid,RUB,153.72,153.72,in,fees
20250707-S008-55427,2025-07-07T05:52:00,S008,payout,RUB,228.3,-228.3,out,fees
20250707-S006-177833,2025-07-07T07:02:00,S006,refund,RUB,363.28,-363.28,out,payments
20250707-S006-606201,2025-07-07T07:24:00,S006,order_paid,RUB,234.43,234.43,in,orders
20250707-S007-512881,2025-07-07T07:26:00,S007,payout_reversed,RUB,233.3,233.3,in,payments
20250707-S010-925684,2025-07-07T07:39:00,S010,fee_commission,RUB,563.21,-563.21,out,orders
20250707-S003-346875,2025-07-07T07:55:00,S003,order_paid,RUB,79.78,79.78,in,refunds
20250707-S007-180232,2025-07-07T08:27:00,S007,payout,RUB,45.67,-45.67,out,fees
20250707-S008-973166,2025-07-07T09:03:00,S008,refund,RUB,105.2,-105.2,out,orders
20250707-S004-745467,2025-07-07T09:22:00,S004,fee_commission,RUB,59.88,-59.88,out,orders
20250707-S006-97853,2025-07-07T09:32:00,S006,order_paid,RUB,193.92,193.92,in,payments
20250707-S006-93270,2025-07-07T09:47:00,S006,payout_reversed,RUB,9.88,9.88,in,fees
20250707-S003-852130,2025-07-07T09:53:00,S003,payout_reversed,RUB,540.94,540.94,in,refunds
20250707-S004-407689,2025-07-07T10:01:00,S004,refund,RUB,149.81,-149.81,out,fees
20250707-S008-720392,2025-07-07T10:12:00,S008,order_paid,RUB,133.97,133.97,in,fees
20250707-S003-57776,2025-07-07T12:19:00,S003,refund,RUB,114.74,-114.74,out,payments
20250707-S005-311878,2025-07-07T14:00:00,S005,payout_reversed,RUB,92.28,92.28,in,orders
20250707-S006-331329,2025-07-07T14:01:00,S006,order_paid,RUB,81.03,81.03,in,orders
20250707-S006-941764,2025-07-07T14:54:00,S006,order_paid,RUB,162.11,162.11,in,payments
20250707-S008-924134,2025-07-07T15:28:00,S008,payout,RUB,290.67,-290.67,out,fees
20250707-S009-727347,2025-07-07T15:42:00,S009,fee_commission,RUB,100.74,-100.74,out,payments
20250707-S005-470671,2025-07-07T15:43:00,S005,payout,RUB,308.83,-308.83,out,refunds
20250707-S010-186369,2025-07-07T16:07:00,S010,order_paid,RUB,380.14,380.14,in,refunds
20250707-S009-190238,2025-07-07T16:25:00,S009,payout,RUB,280.18,-280.18,out,fees
20250707-S007-449917,2025-07-07T16:40:00,S007,fee_commission,RUB,69.89,-69.89,out,fees
20250707-S007-443946,2025-07-07T16:51:00,S007,order_paid,RUB,134.35,134.35,in,refunds
20250707-S001-886515,2025-07-07T16:54:00,S001,refund,RUB,168.57,-168.57,out,payments
20250707-S008-372599,2025-07-07T17:19:00,S008,refund,RUB,320.71,-320.71,out,orders
20250707-S006-523376,2025-07-07T18:00:00,S006,fee_commission,RUB,178.04,-178.04,out,payments
20250707-S007-261717,2025-07-07T18:15:00,S007,order_paid,RUB,134.99,134.99,in,refunds
20250707-S003-693222,2025-07-07T19:00:00,S003,payout,RUB,145.65,-145.65,out,refunds
20250707-S001-114915,2025-07-07T19:37:00,S001,payout,RUB,503.81,-503.81,out,orders
20250707-S009-870679,2025-07-07T19:59:00,S009,payout_reversed,RUB,480.97,480.97,in,fees
20250707-S007-706939,2025-07-07T20:01:00,S007,refund,RUB,91.91,-91.91,out,refunds
20250707-S005-486800,2025-07-07T20:05:00,S005,payout,RUB,309.27,-309.27,out,refunds
20250707-S004-650025,2025-07-07T20:05:00,S004,payout_reversed,RUB,179.9,179.9,in,payments
20250707-S005-664918,2025-07-07T20:43:00,S005,refund,RUB,186.23,-186.23,out,refunds
20250707-S009-736984,2025-07-07T20:49:00,S009,refund,RUB,205.0,-205.0,out,payments
20250707-S004-895332,2025-07-07T21:23:00,S004,payout_reversed,RUB,33.93,33.93,in,payments
20250707-S003-896817,2025-07-07T22:22:00,S003,refund,RUB,548.14,-548.14,out,payments
20250707-S005-752255,2025-07-07T23:42:00,S005,refund,RUB,8.72,-8.72,out,payments
20250708-S007-469925,2025-07-08T00:06:00,S007,refund,RUB,68.97,-68.97,out,fees
20250708-S009-287517,2025-07-08T01:16:00,S009,fee_commission,RUB,53.53,-53.53,out,refunds
20250708-S006-429853,2025-07-08T01:44:00,S006,payout_reversed,RUB,360.22,360.22,in,payments
20250708-S010-457570,2025-07-08T02:18:00,S010,payout,RUB,109.24,-109.24,out,fees
20250708-S004-226728,2025-07-08T02:21:00,S004,fee_commission,RUB,194.71,-194.71,out,refunds
20250708-S001-323854,2025-07-08T02:33:00,S001,order_paid,RUB,130.46,130.46,in,payments
20250708-S009-739453,2025-07-08T02:49:00,S009,payout_reversed,RUB,179.6,179.6,in,fees
20250708-S006-684030,2025-07-08T04:27:00,S006,payout_reversed,RUB,128.96,128.96,in,refunds
20250708-S001-941769,2025-07-08T04:43:00,S001,order_paid,RUB,242.07,242.07,in,fees
20250708-S004-882471,2025-07-08T05:40:00,S004,payout,RUB,91.39,-91.39,out,orders
20250708-S003-553092,2025-07-08T05:47:00,S003,fee_commission,RUB,379.39,-379.39,out,fees
20250708-S008-531886,2025-07-08T06:02:00,S008,refund,RUB,60.2,-60.2,out,fees
20250708-S006-62069,2025-07-08T06:26:00,S006,payout_reversed,RUB,130.72,130.72,in,fees
20250708-S003-223564,2025-07-08T07:17:00,S003,payout,RUB,266.03,-266.03,out,fees
20250708-S004-684394,2025-07-08T07:20:00,S004,order_paid,RUB,293.98,293.98,in,orders
20250708-S001-424872,2025-07-08T07:44:00,S001,fee_commission,RUB,294.27,-294.27,out,payments
20250708-S002-852747,2025-07-08T08:13:00,S002,fee_commission,RUB,109.62,-109.62,out,payments
20250708-S003-507821,2025-07-08T09:38:00,S003,refund,RUB,509.94,-509.94,out,payments
20250708-S001-464895,2025-07-08T09:55:00,S001,refund,RUB,71.51,-71.51,out,orders
20250708-S003-127796,2025-07-08T10:04:00,S003,order_paid,RUB,810.08,810.08,in,payments
20250708-S005-265889,2025-07-08T10:38:00,S005,payout_reversed,RUB,186.34,186.34,in,fees
20250708-S001-914635,2025-07-08T13:40:00,S001,order_paid,RUB,164.17,164.17,in,refunds
20250708-S008-507366,2025-07-08T13:52:00,S008,refund,RUB,82.78,-82.78,out,refunds
20250708-S005-852695,2025-07-08T14:09:00,S005,refund,RUB,111.76,-111.76,out,payments
20250708-S005-602568,2025-07-08T15:56:00,S005,fee_commission,RUB,44.57,-44.57,out,orders
20250708-S008-120235,2025-07-08T16:46:00,S008,payout_reversed,RUB,440.55,440.55,in,refunds
20250708-S007-231497,2025-07-08T17:33:00,S007,refund,RUB,394.22,-394.22,out,fees
20250708-S007-564047,2025-07-08T17:44:00,S007,refund,RUB,244.56,-244.56,out,refunds
20250708-S001-465983,2025-07-08T18:16:00,S001,fee_commission,RUB,135.35,-135.35,out,refunds
20250708-S007-472502,2025-07-08T18:50:00,S007,order_paid,RUB,303.3,303.3,in,payments
20250708-S007-337914,2025-07-08T19:01:00,S007,payout,RUB,238.05,-238.05,out,fees
20250708-S001-135566,2025-07-08T19:03:00,S001,refund,RUB,106.61,-106.61,out,payments
20250708-S002-343913,2025-07-08T19:10:00,S002,refund,RUB,130.51,-130.51,out,refunds
20250708-S006-255949,2025-07-08T21:29:00,S006,payout_reversed,RUB,82.25,82.25,in,payments
20250708-S010-871809,2025-07-08T21:43:00,S010,refund,RUB,262.8,-262.8,out,orders
20250708-S005-199920,2025-07-08T22:04:00,S005,fee_commission,RUB,23.47,-23.47,out,payments
20250708-S004-567345,2025-07-08T22:05:00,S004,fee_commission,RUB,737.16,-737.16,out,orders
20250708-S002-705861,2025-07-08T22:07:00,S002,fee_commission,RUB,291.82,-291.82,out,fees
20250708-S005-676747,2025-07-08T22:36:00,S005,payout,RUB,46.46,-46.46,out,refunds
20250708-S004-182025,2025-07-08T22:47:00,S004,order_paid,RUB,110.84,110.84,in,orders
20250708-S009-348981,2025-07-08T23:22:00,S009,refund,RUB,790.02,-790.02,out,refunds
20250708-S008-284997,2025-07-08T23:35:00,S008,payout,RUB,30.11,-30.11,out,payments
20250708-S009-664930,2025-07-08T23:59:00,S009,payout,RUB,25.35,-25.35,out,orders
20250709-S010-802674,2025-07-09T00:04:00,S010,payout_reversed,RUB,75.48,75.48,in,fees
20250709-S009-61241,2025-07-09T00:11:00,S009,fee_commission,RUB,384.39,-384.39,out,fees
20250709-S008-707174,2025-07-09T00:16:00,S008,payout,RUB,58.96,-58.96,out,fees
20250709-S002-289955,2025-07-09T00:18:00,S002,order_paid,RUB,87.63,87.63,in,payments
20250709-S010-764266,2025-07-09T00:25:00,S010,payout_reversed,RUB,161.21,161.21,in,orders
20250709-S008-990521,2025-07-09T00:48:00,S008,order_paid,RUB,127.74,127.74,in,payments
20250709-S008-57135,2025-07-09T00:52:00,S008,payout_reversed,RUB,257.3,257.3,in,payments
20250709-S001-206847,2025-07-09T01:03:00,S001,refund,RUB,232.59,-232.59,out,refunds
20250709-S006-484147,2025-07-09T02:20:00,S006,refund,RUB,186.74,-186.74,out,refunds
20250709-S005-549524,2025-07-09T02:39:00,S005,refund,RUB,253.93,-253.93,out,payments
20250709-S004-177165,2025-07-09T03:03:00,S004,payout_reversed,RUB,213.94,213.94,in,refunds
20250709-S007-996365,2025-07-09T03:29:00,S007,refund,RUB,158.85,-158.85,out,orders
20250709-S008-801626,2025-07-09T03:49:00,S008,refund,RUB,164.19,-164.19,out,orders
20250709-S007-347861,2025-07-09T03:54:00,S007,payout,RUB,233.63,-233.63,out,orders
20250709-S002-418735,2025-07-09T04:46:00,S002,payout,RUB,61.02,-61.02,out,refunds
20250709-S006-166278,2025-07-09T05:24:00,S006,payout_reversed,RUB,317.92,317.92,in,fees
20250709-S006-204536,2025-07-09T05:53:00,S006,payout_reversed,RUB,59.66,59.66,in,refunds
20250709-S008-432996,2025-07-09T06:37:00,S008,fee_commission,RUB,37.12,-37.12,out,payments
20250709-S006-399010,2025-07-09T07:07:00,S006,order_paid,RUB,145.73,145.73,in,fees
20250709-S008-279068,2025-07-09T08:07:00,S008,refund,RUB,116.68,-116.68,out,payments
20250709-S010-352415,2025-07-09T08:08:00,S010,refund,RUB,384.19,-384.19,out,payments
20250709-S007-221036,2025-07-09T08:42:00,S007,fee_commission,RUB,312.63,-312.63,out,orders
20250709-S009-526493,2025-07-09T10:09:00,S009,payout,RUB,270.23,-270.23,out,payments
20250709-S002-953693,2025-07-09T11:22:00,S002,payout_reversed,RUB,79.26,79.26,in,refunds
20250709-S001-465919,2025-07-09T11:34:00,S001,payout_reversed,RUB,164.93,164.93,in,payments
20250709-S002-667305,2025-07-09T11:35:00,S002,payout_reversed,RUB,119.15,119.15,in,payments
20250709-S007-54576,2025-07-09T14:30:00,S007,order_paid,RUB,344.06,344.06,in,fees
20250709-S002-264529,2025-07-09T14:40:00,S002,refund,RUB,988.56,-988.56,out,orders
20250709-S001-491025,2025-07-09T14:42:00,S001,payout_reversed,RUB,477.83,477.83,in,refunds
20250709-S003-21282,2025-07-09T15:41:00,S003,refund,RUB,98.82,-98.82,out,payments
20250709-S001-423603,2025-07-09T16:13:00,S001,payout,RUB,15.04,-15.04,out,refunds
20250709-S006-441905,2025-07-09T16:30:00,S006,payout,RUB,128.22,-128.22,out,orders
20250709-S008-309522,2025-07-09T17:06:00,S008,fee_commission,RUB,154.28,-154.28,out,fees
20250709-S001-394424,2025-07-09T17:23:00,S001,fee_commission,RUB,212.52,-212.52,out,orders
20250709-S010-196417,2025-07-09T17:52:00,S010,refund,RUB,72.43,-72.43,out,refunds
20250709-S005-122259,2025-07-09T17:56:00,S005,fee_commission,RUB,126.31,-126.31,out,refunds
20250709-S009-240854,2025-07-09T18:02:00,S009,payout,RUB,269.03,-269.03,out,fees
20250709-S005-562622,2025-07-09T18:17:00,S005,order_paid,RUB,91.5,91.5,in,payments
20250709-S009-762372,2025-07-09T18:47:00,S009,refund,RUB,91.05,-91.05,out,orders
20250709-S010-84704,2025-07-09T19:05:00,S010,refund,RUB,29.88,-29.88,out,orders
20250709-S003-434377,2025-07-09T19:10:00,S003,fee_commission,RUB,303.52,-303.52,out,orders
20250709-S009-248553,2025-07-09T19:17:00,S009,payout,RUB,134.98,-134.98,out,refunds
20250709-S001-812854,2025-07-09T19:23:00,S001,fee_commission,RUB,285.44,-285.44,out,payments
20250709-S001-421281,2025-07-09T20:39:00,S001,refund,RUB,222.34,-222.34,out,refunds
20250709-S009-181197,2025-07-09T20:51:00,S009,payout,RUB,81.37,-81.37,out,refunds
20250709-S005-654225,2025-07-09T20:56:00,S005,payout,RUB,174.47,-174.47,out,payments
20250709-S007-123107,2025-07-09T20:59:00,S007,order_paid,RUB,68.3,68.3,in,orders
20250709-S004-585677,2025-07-09T21:53:00,S004,payout,RUB,210.45,-210.45,out,orders
20250709-S002-328769,2025-07-09T21:55:00,S002,payout_reversed,RUB,106.64,106.64,in,orders
20250709-S007-367571,2025-07-09T21:56:00,S007,refund,RUB,64.17,-64.17,out,payments
20250709-S006-940241,2025-07-09T22:46:00,S006,payout_reversed,RUB,275.58,275.58,in,fees
20250709-S004-187772,2025-07-09T23:01:00,S004,fee_commission,RUB,90.27,-90.27,out,fees
20250709-S010-711112,2025-07-09T23:03:00,S010,payout_reversed,RUB,58.75,58.75,in,fees
20250710-S009-30950,2025-07-10T00:19:00,S009,payout_reversed,RUB,89.78,89.78,in,refunds
20250710-S006-739805,2025-07-10T01:12:00,S006,payout_reversed,RUB,196.77,196.77,in,orders
20250710-S006-805352,2025-07-10T01:17:00,S006,refund,RUB,131.52,-131.52,out,payments
20250710-S003-93331,2025-07-10T01:51:00,S003,payout_reversed,RUB,225.25,225.25,in,refunds
20250710-S007-630753,2025-07-10T01:52:00,S007,payout,RUB,46.32,-46.32,out,fees
20250710-S007-752923,2025-07-10T02:19:00,S007,fee_commission,RUB,271.14,-271.14,out,orders
20250710-S009-76362,2025-07-10T02:45:00,S009,payout_reversed,RUB,171.72,171.72,in,payments
20250710-S010-293126,2025-07-10T02:55:00,S010,payout_reversed,RUB,278.44,278.44,in,payments
20250710-S006-297143,2025-07-10T03:11:00,S006,refund,RUB,344.01,-344.01,out,orders
20250710-S008-25992,2025-07-10T03:37:00,S008,payout_reversed,RUB,405.4,405.4,in,payments
20250710-S010-828570,2025-07-10T04:25:00,S010,refund,RUB,298.37,-298.37,out,orders
20250710-S003-715340,2025-07-10T04:41:00,S003,payout,RUB,271.9,-271.9,out,refunds
20250710-S001-301015,2025-07-10T05:10:00,S001,order_paid,RUB,140.13,140.13,in,payments
20250710-S006-557565,2025-07-10T05:12:00,S006,payout,RUB,133.69,-133.69,out,orders
20250710-S001-617633,2025-07-10T05:30:00,S001,fee_commission,RUB,89.98,-89.98,out,orders
20250710-S008-251672,2025-07-10T05:37:00,S008,payout,RUB,235.55,-235.55,out,refunds
20250710-S004-38579,2025-07-10T05:41:00,S004,refund,RUB,6.52,-6.52,out,refunds
20250710-S008-832596,2025-07-10T06:30:00,S008,refund,RUB,143.86,-143.86,out,refunds
20250710-S009-719980,2025-07-10T06:42:00,S009,order_paid,RUB,190.55,190.55,in,fees
20250710-S008-506962,2025-07-10T07:04:00,S008,fee_commission,RUB,221.97,-221.97,out,orders
20250710-S003-647097,2025-07-10T07:12:00,S003,fee_commission,RUB,270.81,-270.81,out,refunds
20250710-S005-392574,2025-07-10T08:15:00,S005,fee_commission,RUB,304.86,-304.86,out,refunds
20250710-S007-389960,2025-07-10T08:38:00,S007,payout,RUB,198.15,-198.15,out,payments
20250710-S005-78078,2025-07-10T08:40:00,S005,payout,RUB,65.36,-65.36,out,orders
20250710-S003-628890,2025-07-10T09:11:00,S003,payout,RUB,140.08,-140.08,out,orders
20250710-S001-637200,2025-07-10T09:39:00,S001,payout_reversed,RUB,117.17,117.17,in,refunds
20250710-S003-763530,2025-07-10T11:19:00,S003,fee_commission,RUB,272.6,-272.6,out,refunds
20250710-S005-949350,2025-07-10T12:32:00,S005,payout,RUB,674.96,-674.96,out,orders
20250710-S001-618072,2025-07-10T12:33:00,S001,order_paid,RUB,244.67,244.67,in,payments
20250710-S001-456286,2025-07-10T13:52:00,S001,fee_commission,RUB,225.03,-225.03,out,refunds
20250710-S003-414171,2025-07-10T13:55:00,S003,refund,RUB,47.43,-47.43,out,payments
20250710-S010-788246,2025-07-10T14:27:00,S010,payout,RUB,248.48,-248.48,out,payments
20250710-S003-699159,2025-07-10T14:33:00,S003,fee_commission,RUB,60.47,-60.47,out,fees
20250710-S003-770327,2025-07-10T14:36:00,S003,fee_commission,RUB,372.89,-372.89,out,orders
20250710-S010-193985,2025-07-10T14:40:00,S010,order_paid,RUB,214.62,214.62,in,orders
20250710-S002-867483,2025-07-10T14:48:00,S002,payout,RUB,166.58,-166.58,out,orders
20250710-S001-55746,2025-07-10T15:29:00,S001,payout,RUB,102.34,-102.34,out,refunds
20250710-S002-814915,2025-07-10T16:19:00,S002,payout,RUB,1147.92,-1147.92,out,fees
20250710-S005-420344,2025-07-10T17:25:00,S005,refund,RUB,253.26,-253.26,out,orders
20250710-S007-263032,2025-07-10T18:02:00,S007,order_paid,RUB,333.82,333.82,in,orders
20250710-S010-106122,2025-07-10T18:16:00,S010,refund,RUB,175.81,-175.81,out,orders
20250710-S001-227136,2025-07-10T18:33:00,S001,refund,RUB,254.78,-254.78,out,payments
20250710-S006-831247,2025-07-10T18:43:00,S006,order_paid,RUB,319.37,319.37,in,fees
20250710-S005-743860,2025-07-10T18:54:00,S005,payout,RUB,128.16,-128.16,out,orders
20250710-S009-737091,2025-07-10T19:17:00,S009,payout,RUB,48.89,-48.89,out,refunds
20250710-S007-125356,2025-07-10T19:34:00,S007,fee_commission,RUB,192.02,-192.02,out,payments
20250710-S001-411237,2025-07-10T19:39:00,S001,fee_commission,RUB,129.43,-129.43,out,payments
20250710-S003-686269,2025-07-10T19:47:00,S003,payout,RUB,193.69,-193.69,out,payments
20250710-S005-719786,2025-07-10T20:25:00,S005,fee_commission,RUB,125.07,-125.07,out,fees
20250710-S003-340677,2025-07-10T21:19:00,S003,payout,RUB,119.45,-119.45,out,refunds
20250710-S001-421218,2025-07-10T21:36:00,S001,payout_reversed,RUB,248.01,248.01,in,refunds
20250710-S007-825627,2025-07-10T22:39:00,S007,payout,RUB,157.59,-157.59,out,payments
20250710-S010-706292,2025-07-10T22:44:00,S010,order_paid,RUB,496.47,496.47,in,refunds
20250710-S002-368227,2025-07-10T23:02:00,S002,fee_commission,RUB,40.14,-40.14,out,refunds
20250711-S003-785834,2025-07-11T01:26:00,S003,order_paid,RUB,132.32,132.32,in,orders
20250711-S005-4995,2025-07-11T02:18:00,S005,fee_commission,RUB,213.57,-213.57,out,orders
20250711-S008-965293,2025-07-11T02:35:00,S008,payout,RUB,189.85,-189.85,out,orders
20250711-S002-652417,2025-07-11T03:15:00,S002,fee_commission,RUB,141.12,-141.12,out,fees
20250711-S001-112936,2025-07-11T03:22:00,S001,order_paid,RUB,91.77,91.77,in,orders
20250711-S008-153940,2025-07-11T03:23:00,S008,refund,RUB,246.08,-246.08,out,orders
20250711-S010-327351,2025-07-11T03:26:00,S010,payout,RUB,199.55,-199.55,out,fees
20250711-S001-977535,2025-07-11T04:34:00,S001,payout_reversed,RUB,39.4,39.4,in,fees
20250711-S002-676586,2025-07-11T04:36:00,S002,refund,RUB,389.79,-389.79,out,orders
20250711-S010-418830,2025-07-11T04:47:00,S010,refund,RUB,151.53,-151.53,out,refunds
20250711-S007-673250,2025-07-11T05:16:00,S007,refund,RUB,265.66,-265.66,out,fees
20250711-S005-632406,2025-07-11T05:35:00,S005,refund,RUB,342.52,-342.52,out,orders
20250711-S001-516541,2025-07-11T06:02:00,S001,fee_commission,RUB,354.31,-354.31,out,refunds
20250711-S010-595485,2025-07-11T06:22:00,S010,fee_commission,RUB,31.41,-31.41,out,refunds
20250711-S001-637432,2025-07-11T06:26:00,S001,payout,RUB,59.12,-59.12,out,payments
20250711-S001-698877,2025-07-11T06:29:00,S001,order_paid,RUB,327.4,327.4,in,refunds
20250711-S001-705192,2025-07-11T06:59:00,S001,refund,RUB,263.9,-263.9,out,payments
20250711-S002-835826,2025-07-11T07:34:00,S002,payout_reversed,RUB,147.02,147.02,in,refunds
20250711-S009-767675,2025-07-11T07:34:00,S009,order_paid,RUB,238.52,238.52,in,fees
20250711-S003-838358,2025-07-11T07:36:00,S003,refund,RUB,227.0,-227.0,out,orders
20250711-S007-961891,2025-07-11T08:04:00,S007,payout_reversed,RUB,529.24,529.24,in,refunds
20250711-S003-990122,2025-07-11T08:18:00,S003,order_paid,RUB,315.58,315.58,in,payments
20250711-S008-112702,2025-07-11T08:24:00,S008,refund,RUB,16.71,-16.71,out,refunds
20250711-S001-344127,2025-07-11T08:31:00,S001,refund,RUB,221.14,-221.14,out,refunds
20250711-S008-289361,2025-07-11T08:33:00,S008,payout,RUB,92.74,-92.74,out,payments
20250711-S006-657942,2025-07-11T08:37:00,S006,payout_reversed,RUB,131.12,131.12,in,fees
20250711-S004-524481,2025-07-11T08:48:00,S004,order_paid,RUB,351.23,351.23,in,refunds
20250711-S003-59501,2025-07-11T09:06:00,S003,order_paid,RUB,263.33,263.33,in,refunds
20250711-S007-173312,2025-07-11T09:20:00,S007,payout,RUB,144.12,-144.12,out,orders
20250711-S008-969232,2025-07-11T10:15:00,S008,fee_commission,RUB,244.68,-244.68,out,refunds
20250711-S004-561447,2025-07-11T10:39:00,S004,fee_commission,RUB,161.28,-161.28,out,fees
20250711-S002-287645,2025-07-11T10:44:00,S002,payout_reversed,RUB,281.12,281.12,in,orders
20250711-S008-531148,2025-07-11T10:49:00,S008,order_paid,RUB,86.7,86.7,in,fees
20250711-S006-76849,2025-07-11T11:24:00,S006,order_paid,RUB,267.86,267.86,in,payments
20250711-S009-691320,2025-07-11T11:29:00,S009,fee_commission,RUB,127.31,-127.31,out,fees
20250711-S010-177719,2025-07-11T11:33:00,S010,fee_commission,RUB,358.1,-358.1,out,payments
20250711-S010-635874,2025-07-11T11:34:00,S010,refund,RUB,343.25,-343.25,out,fees
20250711-S003-493815,2025-07-11T12:37:00,S003,payout,RUB,132.19,-132.19,out,refunds
20250711-S003-987798,2025-07-11T12:37:00,S003,fee_commission,RUB,327.05,-327.05,out,orders
20250711-S010-201605,2025-07-11T12:59:00,S010,fee_commission,RUB,193.69,-193.69,out,payments
20250711-S001-872380,2025-07-11T13:15:00,S001,order_paid,RUB,87.14,87.14,in,orders
20250711-S007-331120,2025-07-11T13:26:00,S007,order_paid,RUB,31.07,31.07,in,fees
20250711-S007-914052,2025-07-11T14:02:00,S007,payout,RUB,233.98,-233.98,out,payments
20250711-S010-491007,2025-07-11T14:16:00,S010,payout,RUB,166.84,-166.84,out,orders
20250711-S008-721819,2025-07-11T14:27:00,S008,payout_reversed,RUB,248.78,248.78,in,refunds
20250711-S008-468759,2025-07-11T14:46:00,S008,payout_reversed,RUB,341.15,341.15,in,payments
20250711-S010-323259,2025-07-11T15:16:00,S010,payout,RUB,66.85,-66.85,out,refunds
20250711-S007-123100,2025-07-11T15:24:00,S007,refund,RUB,89.87,-89.87,out,payments
20250711-S004-919425,2025-07-11T15:29:00,S004,payout,RUB,501.89,-501.89,out,orders
20250711-S010-33341,2025-07-11T15:38:00,S010,payout,RUB,39.56,-39.56,out,orders
20250711-S004-231325,2025-07-11T15:45:00,S004,payout,RUB,79.5,-79.5,out,payments
20250711-S002-156471,2025-07-11T17:06:00,S002,refund,RUB,112.12,-112.12,out,payments
20250711-S001-918639,2025-07-11T17:50:00,S001,order_paid,RUB,164.9,164.9,in,fees
20250711-S001-181562,2025-07-11T19:44:00,S001,payout_reversed,RUB,77.65,77.65,in,refunds
20250711-S005-465526,2025-07-11T20:22:00,S005,payout,RUB,296.67,-296.67,out,payments
20250711-S004-687491,2025-07-11T20:30:00,S004,order_paid,RUB,277.23,277.23,in,orders
20250711-S010-778755,2025-07-11T20:31:00,S010,payout,RUB,237.31,-237.31,out,orders
20250711-S003-779977,2025-07-11T20:57:00,S003,payout_reversed,RUB,84.92,84.92,in,fees
20250711-S010-619004,2025-07-11T22:07:00,S010,payout,RUB,137.1,-137.1,out,orders
20250711-S004-120077,2025-07-11T22:28:00,S004,payout_reversed,RUB,561.03,561.03,in,payments
20250711-S003-23200,2025-07-11T23:15:00,S003,fee_commission,RUB,257.93,-257.93,out,refunds
20250712-S004-493961,2025-07-12T00:39:00,S004,fee_commission,RUB,295.42,-295.42,out,fees
20250712-S004-753891,2025-07-12T00:47:00,S004,refund,RUB,43.12,-43.12,out,payments
20250712-S004-611727,2025-07-12T01:45:00,S004,order_paid,RUB,532.85,532.85,in,refunds
20250712-S006-366578,2025-07-12T01:48:00,S006,order_paid,RUB,90.39,90.39,in,refunds
20250712-S010-818387,2025-07-12T02:31:00,S010,order_paid,RUB,203.17,203.17,in,orders
20250712-S009-534523,2025-07-12T04:32:00,S009,payout,RUB,95.45,-95.45,out,payments
20250712-S005-926523,2025-07-12T05:48:00,S005,payout,RUB,591.61,-591.61,out,refunds
20250712-S002-317716,2025-07-12T06:19:00,S002,order_paid,RUB,372.88,372.88,in,refunds
20250712-S001-897117,2025-07-12T07:09:00,S001,payout_reversed,RUB,50.2,50.2,in,payments
20250712-S007-471605,2025-07-12T07:50:00,S007,payout_reversed,RUB,119.4,119.4,in,fees
20250712-S009-799688,2025-07-12T07:51:00,S009,payout_reversed,RUB,331.27,331.27,in,fees
20250712-S003-964800,2025-07-12T08:05:00,S003,fee_commission,RUB,302.45,-302.45,out,payments
20250712-S001-328822,2025-07-12T08:51:00,S001,payout_reversed,RUB,458.59,458.59,in,payments
20250712-S002-428396,2025-07-12T09:29:00,S002,fee_commission,RUB,141.48,-141.48,out,payments
20250712-S006-487437,2025-07-12T10:07:00,S006,order_paid,RUB,141.49,141.49,in,payments
20250712-S010-501111,2025-07-12T10:53:00,S010,refund,RUB,113.41,-113.41,out,orders
20250712-S005-815870,2025-07-12T12:04:00,S005,fee_commission,RUB,243.21,-243.21,out,payments
20250712-S002-32102,2025-07-12T12:07:00,S002,payout,RUB,87.67,-87.67,out,payments
20250712-S006-879618,2025-07-12T12:37:00,S006,fee_commission,RUB,468.0,-468.0,out,payments
20250712-S005-947437,2025-07-12T12:37:00,S005,payout,RUB,171.66,-171.66,out,payments
20250712-S006-993979,2025-07-12T13:00:00,S006,payout,RUB,135.11,-135.11,out,refunds
20250712-S009-550243,2025-07-12T13:15:00,S009,payout,RUB,111.66,-111.66,out,orders
20250712-S001-810422,2025-07-12T14:35:00,S001,fee_commission,RUB,371.05,-371.05,out,fees
20250712-S008-16062,2025-07-12T14:42:00,S008,payout,RUB,118.5,-118.5,out,refunds
20250712-S005-156878,2025-07-12T15:05:00,S005,fee_commission,RUB,460.31,-460.31,out,refunds
20250712-S006-829366,2025-07-12T15:31:00,S006,refund,RUB,69.62,-69.62,out,orders
20250712-S008-89038,2025-07-12T16:56:00,S008,refund,RUB,114.68,-114.68,out,orders
20250712-S007-259439,2025-07-12T17:04:00,S007,refund,RUB,278.51,-278.51,out,fees
20250712-S001-23560,2025-07-12T17:32:00,S001,payout,RUB,208.44,-208.44,out,fees
20250712-S004-590271,2025-07-12T17:41:00,S004,payout_reversed,RUB,160.43,160.43,in,refunds
20250712-S003-503324,2025-07-12T17:52:00,S003,refund,RUB,96.07,-96.07,out,fees
20250712-S009-320962,2025-07-12T18:06:00,S009,payout,RUB,30.53,-30.53,out,fees
20250712-S002-340913,2025-07-12T18:07:00,S002,fee_commission,RUB,151.64,-151.64,out,payments
20250712-S004-88060,2025-07-12T18:15:00,S004,payout,RUB,352.32,-352.32,out,orders
20250712-S003-287624,2025-07-12T18:36:00,S003,refund,RUB,306.98,-306.98,out,payments
20250712-S001-712794,2025-07-12T18:37:00,S001,payout,RUB,303.01,-303.01,out,orders
20250712-S010-797136,2025-07-12T18:56:00,S010,payout,RUB,278.91,-278.91,out,refunds
20250712-S007-475279,2025-07-12T20:24:00,S007,fee_commission,RUB,184.22,-184.22,out,fees
20250712-S004-123729,2025-07-12T20:52:00,S004,refund,RUB,229.19,-229.19,out,payments
20250712-S009-332598,2025-07-12T20:56:00,S009,fee_commission,RUB,59.2,-59.2,out,orders
20250712-S002-698149,2025-07-12T20:57:00,S002,order_paid,RUB,195.54,195.54,in,orders
20250712-S009-885988,2025-07-12T21:10:00,S009,payout_reversed,RUB,564.3,564.3,in,fees
20250712-S002-612440,2025-07-12T21:19:00,S002,payout,RUB,146.09,-146.09,out,refunds
20250712-S009-383153,2025-07-12T22:02:00,S009,refund,RUB,74.11,-74.11,out,fees
20250712-S003-735036,2025-07-12T22:46:00,S003,payout,RUB,445.14,-445.14,out,orders
20250712-S009-78117,2025-07-12T23:14:00,S009,payout,RUB,99.77,-99.77,out,fees
20250713-S003-664636,2025-07-13T00:05:00,S003,fee_commission,RUB,48.79,-48.79,out,orders
20250713-S003-599249,2025-07-13T00:21:00,S003,payout_reversed,RUB,78.44,78.44,in,payments
20250713-S010-396309,2025-07-13T01:03:00,S010,refund,RUB,240.19,-240.19,out,orders
20250713-S009-956229,2025-07-13T01:29:00,S009,refund,RUB,134.29,-134.29,out,fees
20250713-S006-863587,2025-07-13T01:55:00,S006,order_paid,RUB,305.52,305.52,in,fees
20250713-S004-861859,2025-07-13T02:01:00,S004,payout,RUB,338.52,-338.52,out,fees
20250713-S007-461694,2025-07-13T04:17:00,S007,fee_commission,RUB,151.74,-151.74,out,fees
20250713-S003-589622,2025-07-13T04:28:00,S003,payout,RUB,104.74,-104.74,out,orders
20250713-S010-221469,2025-07-13T04:40:00,S010,payout,RUB,535.75,-535.75,out,payments
20250713-S001-141450,2025-07-13T05:44:00,S001,payout,RUB,135.69,-135.69,out,fees
20250713-S006-914014,2025-07-13T06:14:00,S006,order_paid,RUB,266.18,266.18,in,refunds
20250713-S004-62781,2025-07-13T06:20:00,S004,refund,RUB,407.77,-407.77,out,orders
20250713-S005-144772,2025-07-13T07:08:00,S005,refund,RUB,114.35,-114.35,out,payments
20250713-S001-13781,2025-07-13T07:25:00,S001,order_paid,RUB,116.5,116.5,in,orders
20250713-S005-412311,2025-07-13T07:32:00,S005,payout_reversed,RUB,56.89,56.89,in,payments
20250713-S006-836310,2025-07-13T07:33:00,S006,payout,RUB,378.76,-378.76,out,refunds
20250713-S009-848125,2025-07-13T07:44:00,S009,refund,RUB,376.82,-376.82,out,fees
20250713-S008-79212,2025-07-13T08:10:00,S008,payout,RUB,176.23,-176.23,out,refunds
20250713-S003-774640,2025-07-13T09:49:00,S003,order_paid,RUB,43.54,43.54,in,orders
20250713-S009-903451,2025-07-13T09:50:00,S009,payout_reversed,RUB,118.99,118.99,in,refunds
20250713-S003-234001,2025-07-13T10:01:00,S003,payout,RUB,49.6,-49.6,out,orders
20250713-S002-724858,2025-07-13T10:05:00,S002,fee_commission,RUB,176.87,-176.87,out,orders
20250713-S001-930531,2025-07-13T12:05:00,S001,order_paid,RUB,172.29,172.29,in,fees
20250713-S004-337284,2025-07-13T13:04:00,S004,refund,RUB,286.16,-286.16,out,orders
20250713-S005-236496,2025-07-13T13:17:00,S005,payout_reversed,RUB,60.2,60.2,in,payments
20250713-S002-931516,2025-07-13T13:38:00,S002,payout_reversed,RUB,130.14,130.14,in,payments
20250713-S002-132660,2025-07-13T14:16:00,S002,payout_reversed,RUB,21.77,21.77,in,fees
20250713-S005-711239,2025-07-13T14:35:00,S005,payout,RUB,77.15,-77.15,out,refunds
20250713-S006-375855,2025-07-13T14:43:00,S006,payout_reversed,RUB,230.73,230.73,in,fees
20250713-S004-553516,2025-07-13T14:46:00,S004,fee_commission,RUB,52.29,-52.29,out,refunds
20250713-S001-549753,2025-07-13T14:49:00,S001,order_paid,RUB,88.86,88.86,in,orders
20250713-S001-543598,2025-07-13T15:47:00,S001,order_paid,RUB,215.8,215.8,in,refunds
20250713-S002-443259,2025-07-13T15:59:00,S002,payout,RUB,71.5,-71.5,out,orders
20250713-S009-809360,2025-07-13T16:09:00,S009,refund,RUB,99.67,-99.67,out,refunds
20250713-S001-159893,2025-07-13T16:24:00,S001,order_paid,RUB,488.63,488.63,in,fees
20250713-S006-420603,2025-07-13T16:41:00,S006,order_paid,RUB,407.98,407.98,in,refunds
20250713-S007-366646,2025-07-13T16:58:00,S007,order_paid,RUB,204.54,204.54,in,refunds
20250713-S005-825964,2025-07-13T17:07:00,S005,payout_reversed,RUB,15.56,15.56,in,orders
20250713-S010-893878,2025-07-13T17:33:00,S010,refund,RUB,68.77,-68.77,out,orders
20250713-S005-509669,2025-07-13T20:25:00,S005,payout_reversed,RUB,159.47,159.47,in,fees
20250713-S001-448378,2025-07-13T21:00:00,S001,order_paid,RUB,144.4,144.4,in,orders
20250713-S006-163053,2025-07-13T21:11:00,S006,order_paid,RUB,57.8,57.8,in,fees
20250713-S006-352855,2025-07-13T21:33:00,S006,order_paid,RUB,112.62,112.62,in,orders
20250713-S005-660674,2025-07-13T21:50:00,S005,refund,RUB,173.83,-173.83,out,refunds
20250714-S003-923640,2025-07-14T00:35:00,S003,payout_reversed,RUB,878.94,878.94,in,orders
20250714-S008-742821,2025-07-14T00:45:00,S008,payout,RUB,91.71,-91.71,out,orders
20250714-S007-673244,2025-07-14T00:51:00,S007,fee_commission,RUB,270.68,-270.68,out,refunds
20250714-S006-936129,2025-07-14T00:57:00,S006,refund,RUB,132.18,-132.18,out,orders
20250714-S008-844157,2025-07-14T01:57:00,S008,order_paid,RUB,366.29,366.29,in,payments
20250714-S007-195000,2025-07-14T03:30:00,S007,refund,RUB,808.9,-808.9,out,fees
20250714-S007-513067,2025-07-14T03:30:00,S007,fee_commission,RUB,352.13,-352.13,out,fees
20250714-S003-979092,2025-07-14T04:53:00,S003,order_paid,RUB,274.69,274.69,in,refunds
20250714-S007-962455,2025-07-14T04:58:00,S007,refund,RUB,383.25,-383.25,out,orders
20250714-S001-514242,2025-07-14T05:15:00,S001,fee_commission,RUB,123.65,-123.65,out,fees
20250714-S009-279721,2025-07-14T05:29:00,S009,payout_reversed,RUB,189.95,189.95,in,payments
20250714-S009-132019,2025-07-14T05:57:00,S009,refund,RUB,73.29,-73.29,out,payments
20250714-S002-908018,2025-07-14T06:02:00,S002,fee_commission,RUB,56.98,-56.98,out,refunds
20250714-S010-255822,2025-07-14T06:16:00,S010,refund,RUB,81.94,-81.94,out,payments
20250714-S001-578749,2025-07-14T06:54:00,S001,payout,RUB,113.47,-113.47,out,refunds
20250714-S002-856842,2025-07-14T07:23:00,S002,payout,RUB,67.59,-67.59,out,payments
20250714-S005-135151,2025-07-14T09:25:00,S005,order_paid,RUB,98.05,98.05,in,fees
20250714-S001-735123,2025-07-14T09:41:00,S001,order_paid,RUB,137.12,137.12,in,fees
20250714-S003-14860,2025-07-14T10:12:00,S003,payout_reversed,RUB,163.77,163.77,in,fees
20250714-S003-142158,2025-07-14T11:13:00,S003,refund,RUB,168.29,-168.29,out,fees
20250714-S003-53688,2025-07-14T12:08:00,S003,refund,RUB,308.26,-308.26,out,fees
20250714-S005-233980,2025-07-14T12:10:00,S005,payout_reversed,RUB,248.92,248.92,in,orders
20250714-S008-492462,2025-07-14T12:21:00,S008,payout,RUB,171.96,-171.96,out,orders
20250714-S004-770664,2025-07-14T12:47:00,S004,refund,RUB,86.53,-86.53,out,refunds
20250714-S002-200418,2025-07-14T13:07:00,S002,order_paid,RUB,129.03,129.03,in,refunds
20250714-S009-107574,2025-07-14T14:24:00,S009,payout_reversed,RUB,228.3,228.3,in,fees
20250714-S009-271266,2025-07-14T15:12:00,S009,payout,RUB,80.57,-80.57,out,fees
20250714-S001-552453,2025-07-14T15:15:00,S001,order_paid,RUB,185.87,185.87,in,refunds
20250714-S010-97800,2025-07-14T15:19:00,S010,order_paid,RUB,124.21,124.21,in,refunds
20250714-S009-819473,2025-07-14T16:02:00,S009,payout,RUB,176.83,-176.83,out,fees
20250714-S001-550842,2025-07-14T16:28:00,S001,payout,RUB,59.3,-59.3,out,fees
20250714-S007-237331,2025-07-14T18:45:00,S007,refund,RUB,71.98,-71.98,out,refunds
20250714-S006-231453,2025-07-14T18:55:00,S006,order_paid,RUB,490.28,490.28,in,refunds
20250714-S001-397892,2025-07-14T19:30:00,S001,payout_reversed,RUB,159.67,159.67,in,payments
20250714-S002-11985,2025-07-14T20:48:00,S002,payout_reversed,RUB,444.45,444.45,in,refunds
20250714-S008-966499,2025-07-14T20:55:00,S008,payout_reversed,RUB,284.65,284.65,in,fees
20250714-S009-596544,2025-07-14T21:09:00,S009,payout,RUB,137.63,-137.63,out,fees
20250714-S002-956826,2025-07-14T21:59:00,S002,refund,RUB,60.64,-60.64,out,payments
20250714-S009-831869,2025-07-14T22:09:00,S009,order_paid,RUB,241.7,241.7,in,payments
20250714-S002-441504,2025-07-14T22:25:00,S002,order_paid,RUB,258.32,258.32,in,fees
20250714-S004-189328,2025-07-14T22:40:00,S004,payout,RUB,137.78,-137.78,out,orders
20250714-S010-682512,2025-07-14T22:58:00,S010,refund,RUB,176.96,-176.96,out,refunds
20250714-S004-957727,2025-07-14T22:58:00,S004,payout,RUB,206.55,-206.55,out,orders
20250714-S002-34153,2025-07-14T23:17:00,S002,order_paid,RUB,126.09,126.09,in,payments
20250714-S002-875207,2025-07-14T23:29:00,S002,refund,RUB,248.66,-248.66,out,payments
20250714-S004-235296,2025-07-14T23:44:00,S004,fee_commission,RUB,172.68,-172.68,out,orders
20250714-S005-409926,2025-07-14T23:52:00,S005,fee_commission,RUB,177.16,-177.16,out,refunds
